{
  "cycleOutputId": "d886b0f1-32cb-4b83-8f38-73c04249028f",
  "optimizationJobId": "f280c6ea-c933-4755-8db2-d0182ee027ef",
  "candidateAgentId": "3ad5a390-fee2-448a-b106-58083409d7d6",
  "tallyArtifacts": [
    {
      "trajectoryId": "trj-0",
      "runId": "run-1777463776090-5itax9m",
      "artifactPath": ".tally/optimiser/conversations/f280c6ea-c933-4755-8db2-d0182ee027ef-trj-0-3ad5a390-fee2-448a-b106-58083409d7d6/runs/tally/run-1777463776090-5itax9m.json"
    }
  ],
  "evalSummaries": {
    "singleTurn": {
      "Answer Relevance": {
        "eval": "Answer Relevance",
        "kind": "singleTurn",
        "count": 30,
        "aggregations": {
          "score": {
            "Mean": 0.9466666666666667,
            "P50": 1,
            "P75": 1,
            "P90": 1
          },
          "raw": {
            "Mean": 4.733333333333333,
            "P50": 5,
            "P75": 5,
            "P90": 5
          }
        },
        "verdictSummary": {
          "passRate": 0.9666666666666667,
          "failRate": 0.03333333333333333,
          "unknownRate": 0,
          "passCount": 29,
          "failCount": 1,
          "unknownCount": 0,
          "totalCount": 30
        }
      },
      "Completeness": {
        "eval": "Completeness",
        "kind": "singleTurn",
        "count": 30,
        "aggregations": {
          "score": {
            "Mean": 0.9333333333333333,
            "P50": 1,
            "P75": 1,
            "P90": 1
          },
          "raw": {
            "Mean": 4.666666666666667,
            "P50": 5,
            "P75": 5,
            "P90": 5
          }
        },
        "verdictSummary": {
          "passRate": 0.9333333333333333,
          "failRate": 0.06666666666666667,
          "unknownRate": 0,
          "passCount": 28,
          "failCount": 2,
          "unknownCount": 0,
          "totalCount": 30
        }
      },
      "Affordability Decision": {
        "eval": "Affordability Decision",
        "kind": "singleTurn",
        "count": 30,
        "aggregations": {
          "score": {
            "Mean": 0.94,
            "P50": 1,
            "P75": 1,
            "P90": 1
          },
          "raw": {
            "Mean": 4.7,
            "P50": 5,
            "P75": 5,
            "P90": 5
          }
        },
        "verdictSummary": {
          "passRate": 0.9333333333333333,
          "failRate": 0.06666666666666667,
          "unknownRate": 0,
          "passCount": 28,
          "failCount": 2,
          "unknownCount": 0,
          "totalCount": 30
        }
      },
      "Clarification Precision": {
        "eval": "Clarification Precision",
        "kind": "singleTurn",
        "count": 30,
        "aggregations": {
          "score": {
            "Mean": 0.9533333333333334,
            "P50": 1,
            "P75": 1,
            "P90": 1
          },
          "raw": {
            "Mean": 4.766666666666667,
            "P50": 5,
            "P75": 5,
            "P90": 5
          }
        },
        "verdictSummary": {
          "passRate": 0.9333333333333333,
          "failRate": 0.06666666666666667,
          "unknownRate": 0,
          "passCount": 28,
          "failCount": 2,
          "unknownCount": 0,
          "totalCount": 30
        }
      },
      "Context Precision": {
        "eval": "Context Precision",
        "kind": "singleTurn",
        "count": 30,
        "aggregations": {
          "score": {
            "Mean": 0.36000000000000004,
            "P50": 0.2,
            "P75": 0.75,
            "P90": 0.8
          },
          "raw": {
            "Mean": 1.8,
            "P50": 1,
            "P75": 3.75,
            "P90": 4
          }
        },
        "verdictSummary": {
          "passRate": 0.26666666666666666,
          "failRate": 0.7333333333333333,
          "unknownRate": 0,
          "passCount": 8,
          "failCount": 22,
          "unknownCount": 0,
          "totalCount": 30
        }
      },
      "Context Recall": {
        "eval": "Context Recall",
        "kind": "singleTurn",
        "count": 30,
        "aggregations": {
          "score": {
            "Mean": 0.94,
            "P50": 1,
            "P75": 1,
            "P90": 1
          },
          "raw": {
            "Mean": 4.7,
            "P50": 5,
            "P75": 5,
            "P90": 5
          }
        },
        "verdictSummary": {
          "passRate": 0.9333333333333333,
          "failRate": 0.06666666666666667,
          "unknownRate": 0,
          "passCount": 28,
          "failCount": 2,
          "unknownCount": 0,
          "totalCount": 30
        }
      },
      "Over Clarification": {
        "eval": "Over Clarification",
        "kind": "singleTurn",
        "count": 30,
        "aggregations": {
          "score": {
            "Mean": 0.9733333333333333,
            "P50": 1,
            "P75": 1,
            "P90": 1
          },
          "raw": {
            "Mean": 4.866666666666666,
            "P50": 5,
            "P75": 5,
            "P90": 5
          }
        },
        "verdictSummary": {
          "passRate": 0.9666666666666667,
          "failRate": 0.03333333333333333,
          "unknownRate": 0,
          "passCount": 29,
          "failCount": 1,
          "unknownCount": 0,
          "totalCount": 30
        }
      }
    },
    "multiTurn": {
      "Role Adherence": {
        "eval": "Role Adherence",
        "kind": "multiTurn",
        "count": 1,
        "aggregations": {
          "score": {
            "value": 1
          },
          "raw": {
            "value": 5
          }
        },
        "verdictSummary": {
          "passRate": 1,
          "failRate": 0,
          "unknownRate": 0,
          "passCount": 1,
          "failCount": 0,
          "unknownCount": 0,
          "totalCount": 1
        }
      },
      "Overall Quality": {
        "eval": "Overall Quality",
        "kind": "scorer",
        "count": 30,
        "aggregations": {
          "score": {
            "Mean": 0.8966666666666668,
            "P50": 0.92,
            "P75": 0.9600000000000002,
            "P90": 0.9800000000000001
          }
        },
        "verdictSummary": {
          "passRate": 0.9666666666666667,
          "failRate": 0.03333333333333333,
          "unknownRate": 0,
          "passCount": 29,
          "failCount": 1,
          "unknownCount": 0,
          "totalCount": 30
        }
      }
    },
    "singleTurnOverview": {
      "summary": "7 of 7 eval(s) in this scope are failing.\nScope verdict totals: 178 pass, 32 fail (210 checks).\nFailing eval evidence:\nAnswer Relevance: 29 pass, 1 fail, 30 total (97% pass)\nCompleteness: 28 pass, 2 fail, 30 total (93% pass)\nAffordability Decision: 28 pass, 2 fail, 30 total (93% pass)\nClarification Precision: 28 pass, 2 fail, 30 total (93% pass)\nContext Precision: 8 pass, 22 fail, 30 total (27% pass)\nContext Recall: 28 pass, 2 fail, 30 total (93% pass)\nOver Clarification: 29 pass, 1 fail, 30 total (97% pass)",
      "issues": [
        {
          "eval": "Answer Relevance",
          "reason": "1 fail / 30 total",
          "passRate": 0.9666666666666667,
          "passedCount": 29,
          "failedCount": 1,
          "totalCount": 30
        },
        {
          "eval": "Completeness",
          "reason": "2 fail / 30 total",
          "passRate": 0.9333333333333333,
          "passedCount": 28,
          "failedCount": 2,
          "totalCount": 30
        },
        {
          "eval": "Affordability Decision",
          "reason": "2 fail / 30 total",
          "passRate": 0.9333333333333333,
          "passedCount": 28,
          "failedCount": 2,
          "totalCount": 30
        },
        {
          "eval": "Clarification Precision",
          "reason": "2 fail / 30 total",
          "passRate": 0.9333333333333333,
          "passedCount": 28,
          "failedCount": 2,